perturbation,seed,task_bca,uid_bca,seconds
no,0,0.5609,0.3981,80.0
rand,0,0.5408,0.0315,85.4
sn,0,0.6115,0.0528,80.3
optim_linf,0,0.5138,0.0259,179.1
adv_linf,0,0.608,0.0333,204.7
no,1,0.5442,0.4269,84.6
rand,1,0.5487,0.05,83.5
sn,1,0.5228,0.0306,89.6
optim_linf,1,0.5573,0.0278,212.3
adv_linf,1,0.5862,0.0435,82.4
no,2,0.5903,0.4778,80.9
rand,2,0.5596,0.0343,95.5
sn,2,0.5655,0.0296,82.2
optim_linf,2,0.5655,0.0278,80.6
adv_linf,2,0.5467,0.0278,102.2
no,3,0.5655,0.4009,83.3
rand,3,0.5332,0.0287,91.0
sn,3,0.5177,0.0287,91.2
optim_linf,3,0.547,0.0269,84.8
adv_linf,3,0.557,0.0324,150.2
no,4,0.5591,0.412,88.6
rand,4,0.5608,0.0287,95.4
sn,4,0.5313,0.0278,89.1
optim_linf,4,0.5636,0.0278,126.7
adv_linf,4,0.5267,0.0315,164.0
