perturbation,seed,linf,linf_over_std,mean_l2
rand,0,0.5297,0.5443,56.8184
rand,1,0.5297,0.5443,56.8074
rand,2,0.5297,0.5443,56.8597
rand,3,0.5297,0.5443,56.8129
rand,4,0.5297,0.5443,56.8212
optim_linf,0,0.2909,0.2989,52.2825
optim_linf,1,0.291,0.299,52.0028
optim_linf,2,0.2911,0.2991,51.5947
optim_linf,3,0.2911,0.2992,51.831
optim_linf,4,0.2909,0.2989,52.3271
adv_linf,0,0.2918,0.2999,56.9708
adv_linf,1,0.2918,0.2998,57.5594
adv_linf,2,0.2918,0.2998,57.2685
adv_linf,3,0.2918,0.2998,57.3531
adv_linf,4,0.2918,0.2999,57.3233
sn,0,0.7855,0.8071,103.0196
sn,1,0.7909,0.8127,102.294
sn,2,0.7915,0.8134,101.9158
sn,3,0.7854,0.8071,102.6009
sn,4,0.7856,0.8073,102.6933
