round,val_seed42,test_seed42,val_seed7,test_seed7,val_seed2024,test_seed2024,val_mean,test_mean
1,0.3451,0.3681,0.3793,0.421,0.3759,0.378,0.3668,0.389
2,0.3694,0.4041,0.3837,0.4223,0.4128,0.4184,0.3886,0.4149
3,0.4041,0.434,0.4293,0.4518,0.4188,0.441,0.4174,0.4423
4,0.4023,0.434,0.401,0.4266,0.4214,0.4479,0.4082,0.4362
5,0.4275,0.4453,0.4184,0.4527,0.4392,0.4601,0.4284,0.4527
6,0.4379,0.4488,0.4323,0.4536,0.4492,0.4692,0.4398,0.4572
7,0.4414,0.4492,0.444,0.4592,0.451,0.4627,0.4455,0.457
8,0.4405,0.4544,0.4431,0.4514,0.4553,0.4696,0.4463,0.4585
9,0.4345,0.4566,0.4427,0.454,0.4635,0.4748,0.4469,0.4618
10,0.4427,0.4562,0.4501,0.4635,0.4705,0.48,0.4544,0.4666
11,0.4479,0.4575,0.4449,0.4666,0.4657,0.4648,0.4528,0.463
12,0.4484,0.4475,0.4579,0.4744,0.4718,0.4796,0.4594,0.4672
13,0.4536,0.4588,0.4735,0.4757,0.4709,0.4826,0.466,0.4724
14,0.4518,0.4609,0.4757,0.4744,0.4744,0.4878,0.4673,0.4744
15,0.4544,0.4614,0.4622,0.467,0.4705,0.4952,0.4624,0.4745
16,0.4562,0.4692,0.4544,0.4653,0.4796,0.4896,0.4634,0.4747
17,0.4579,0.4744,0.4666,0.4718,0.4809,0.4835,0.4685,0.4766
18,0.4631,0.4826,0.4579,0.4657,0.4852,0.497,0.4687,0.4818
19,0.4644,0.4809,0.4614,0.4635,0.4874,0.5,0.4711,0.4815
20,0.477,0.4722,0.4618,0.4674,0.4852,0.4896,0.4747,0.4764
21,0.4718,0.4883,0.4605,0.4705,0.4905,0.4905,0.4743,0.4831
22,0.4627,0.4909,0.4449,0.4418,0.4878,0.5013,0.4651,0.478
23,0.4648,0.4848,0.4687,0.4757,0.4848,0.4974,0.4728,0.486
24,0.4748,0.4961,0.4557,0.4609,0.4844,0.4926,0.4716,0.4832
25,0.4718,0.4909,0.464,0.4609,0.4926,0.5052,0.4761,0.4857
26,0.48,0.5022,0.4484,0.4423,0.4965,0.503,0.475,0.4825
27,0.487,0.48,0.4722,0.4688,0.4935,0.4883,0.4842,0.479
