round,user_a_acc,user_b_acc,user_c_acc,user_d_acc,mean_acc
1,0.4005,0.3802,0.3605,0.4016,0.3857
2,0.397,0.4161,0.3594,0.4039,0.3941
3,0.4329,0.4636,0.3819,0.4195,0.4245
4,0.4375,0.4688,0.3848,0.4439,0.4337
5,0.4861,0.511,0.3964,0.4526,0.4615
6,0.4982,0.5046,0.3947,0.452,0.4624
7,0.5035,0.5197,0.3987,0.4433,0.4663
8,0.5179,0.533,0.4057,0.4676,0.481
9,0.5191,0.5012,0.4028,0.4479,0.4677
10,0.4983,0.5347,0.4051,0.452,0.4725
11,0.5151,0.5446,0.408,0.4583,0.4815
12,0.5197,0.5492,0.4149,0.4664,0.4875
13,0.5179,0.5556,0.4155,0.4595,0.4871
14,0.5295,0.5445,0.4062,0.4525,0.4832
15,0.5347,0.555,0.3987,0.4664,0.4887
16,0.5249,0.5446,0.4063,0.4554,0.4828
17,0.537,0.5619,0.4074,0.4566,0.4908
18,0.5278,0.5654,0.4086,0.4734,0.4938
19,0.5451,0.5619,0.4074,0.4774,0.498
20,0.5457,0.5689,0.4149,0.4618,0.4978
21,0.5492,0.5636,0.4161,0.4803,0.5023
22,0.5602,0.5747,0.4126,0.474,0.5053
23,0.5579,0.581,0.4149,0.4873,0.5103
24,0.5631,0.577,0.4091,0.4873,0.5091
